Kontonummer;Kontonavn;0001-Jan;0001-Febr;0001-Mars;0001-April;0001-Mai;0001-Juni;0001-Juli;0001-Aug;0001-Sept;0001-Okt;0001-Nov;0001-Des;0002-Jan;0002-Febr;0002-Mars;0002-April;0002-Mai;0002-Juni;0002-Juli;0002-Aug;0002-Sept;0002-Okt;0002-Nov;0002-Des;0003-Jan;0003-Febr;0003-Mars;0003-April;0003-Mai;0003-Juni;0003-Juli;0003-Aug;0003-Sept;0003-Okt;0003-Nov;0003-Des;0004-Jan;0004-Febr;0004-Mars;0004-April;0004-Mai;0004-Juni;0004-Juli;0004-Aug;0004-Sept;0004-Okt;0004-Nov;0004-Des
3000;Salgsinntekt, avgiftspliktig;3550597.0;3363525.2;4281048.4;3536132.0;3769056.02;3714403.5;573492.0;2841006.0;4441987.8;5115113.52;4674401.44;3317561.0;3429224.8;3820344.0;4323021.8;4694413.8;3764641.9;4184678.46;1518751.86;3298246.24;4833349.4;3610224.82;4025723.2;3543475.44;4160594.58;3995635.78;1336024.18;5981053.72;4402136.8;3140556.26;439506.88;3705792.12;4243412.92;4879313.28;5140645.14;3171074.66;4096723.6;4303341.66;4053860.92;3422674.2;3242333.04;4640775.62;846756.8;4222397.6;4378666.4;4151085.8;4276322.04;2668421.0
3025;Periodiserte inntekter.;-0.0;-0.0;-0.0;-0.0;-0.0;-0.0;-0.0;-0.0;-0.0;-0.0;-0.0;-0.0;-0.0;-0.0;-0.0;-0.0;-0.0;-0.0;-0.0;-0.0;-0.0;-0.0;-0.0;-0.0;-0.0;-0.0;-0.0;-0.0;-0.0;-0.0;-0.0;-0.0;-0.0;-0.0;-0.0;-0.0;-0.0;-0.0;-0.0;-0.0;-0.0;-0.0;-0.0;-0.0;-0.0;-0.0;-0.0;-0.0
3099;Motkonto salgsinntekt, avgiftspliktig, høy sats;-0.0;-0.0;-0.0;-0.0;-0.0;-0.0;-0.0;-0.0;-0.0;-0.0;-0.0;-0.0;-0.0;-0.0;-0.0;-0.0;-0.0;-0.0;-0.0;-0.0;-0.0;-0.0;-0.0;-0.0;-0.0;-0.0;-0.0;-0.0;-0.0;-0.0;-0.0;-0.0;-0.0;-0.0;-0.0;-0.0;-0.0;-0.0;-0.0;-31756.8;-0.0;-0.0;-0.0;-0.0;-0.0;-0.0;-0.0;-0.0
3100;Salgsinntekt,/Undervisning  avgiftsfri;-0.0;8400.0;-0.0;208928.38;-0.0;-0.0;-0.0;-0.0;-0.0;-0.0;-0.0;70000.0;-0.0;-0.0;-0.0;-0.0;-0.0;-0.0;-0.0;-0.0;-0.0;-0.0;-0.0;-0.0;-0.0;-0.0;-0.0;-0.0;-0.0;-0.0;-0.0;-0.0;-0.0;7536.0;-7536.0;-0.0;-0.0;-0.0;-0.0;-0.0;-0.0;-0.0;-0.0;-0.0;-0.0;-0.0;-0.0;-0.0
3900;Purregebyr;-0.0;-0.0;-0.0;-0.0;-0.0;140.0;-0.0;-0.0;140.0;-0.0;-0.0;-0.0;140.0;-0.0;-0.0;-0.0;210.0;-0.0;-0.0;70.0;70.0;350.0;210.0;70.0;-0.0;-0.0;-0.0;-0.0;-0.0;70.0;-0.0;70.0;-0.0;-0.0;-0.0;-0.0;-0.0;-0.0;-0.0;31756.8;-0.0;-0.0;-0.0;-0.0;-0.0;-0.0;-0.0;-0.0
3901;Periodisert inntekt;-0.0;-0.0;-0.0;-0.0;-0.0;-0.0;-0.0;-0.0;-0.0;-0.0;-0.0;-0.0;-0.0;-0.0;-0.0;-0.0;-0.0;-0.0;-0.0;-0.0;-0.0;-0.0;-0.0;-0.0;-0.0;-0.0;-0.0;-0.0;-0.0;-0.0;-0.0;-0.0;-0.0;-0.0;-0.0;347100.0;-0.0;-0.0;-0.0;-0.0;-0.0;-0.0;-0.0;-0.0;-0.0;-0.0;-0.0;-0.0
3990;Andre driftsinntekter.;-0.0;-0.0;-0.0;-0.0;-0.0;-0.0;-0.0;-0.0;-0.0;-0.0;-0.0;-0.0;-0.0;-0.0;-0.0;-0.0;-0.0;-0.0;-0.0;-0.0;-0.0;-0.0;-0.0;-0.0;-0.0;-0.0;3237844.0;-3237844.0;-0.0;-0.0;-0.0;-0.0;-0.0;-0.0;-0.0;-0.0;-0.0;-0.0;-0.0;-0.0;-0.0;-0.0;-0.0;-0.0;-0.0;-0.0;-0.0;-0.0
4300;Innkjøp av varer for videresalg;0.0;0.0;0.0;0.0;0.0;0.0;0.0;0.0;0.0;0.0;0.0;0.0;0.0;0.0;0.0;0.0;0.0;0.0;0.0;0.0;0.0;0.0;0.0;0.0;0.0;0.0;0.0;0.0;0.0;0.0;0.0;0.0;0.0;0.0;0.0;0.0;0.0;0.0;33491.2;0.0;0.0;0.0;0.0;0.0;0.0;0.0;0.0;0.0
4380;Grunnlag merverdiavgift ved innførsel;0.0;0.0;0.0;0.0;0.0;0.0;0.0;0.0;0.0;0.0;0.0;0.0;0.0;0.0;0.0;0.0;0.0;0.0;0.0;0.0;0.0;0.0;0.0;0.0;0.0;0.0;0.0;0.0;0.0;0.0;0.0;0.0;0.0;0.0;0.0;0.0;0.0;0.0;0.0;0.0;0.0;0.0;0.0;0.0;0.0;0.0;0.0;0.0
4500;Fremmedytelse og underentreprise;75850.0;52400.0;137919.26;351616.0;180072.0;105894.6;129470.8;240800.8;305128.0;155130.36;435920.8;846508.48;344179.2;255492.4;283600.0;131900.0;44300.4;222800.0;111773.66;101101.6;304717.64;2750.4;5270.4;688041.24;77188.88;182827.18;5353.52;12885.82;66946.08;136799.72;79492.4;116084.48;358274.46;536555.28;101788.52;31281.6;35259.66;7319.48;35385.32;236064.48;2040.0;156262.0;18440.0;35982.8;33800.4;26030.4;1233.6;149807.2
4505;Fremmed tjeneste;4360.0;0.0;0.0;0.0;0.0;0.0;0.0;0.0;0.0;0.0;0.0;0.0;0.0;0.0;0.0;0.0;0.0;0.0;0.0;0.0;0.0;0.0;0.0;0.0;0.0;0.0;0.0;0.0;0.0;0.0;0.0;0.0;0.0;0.0;0.0;0.0;0.0;0.0;0.0;0.0;0.0;0.0;0.0;0.0;0.0;0.0;0.0;0.0
5000;Lønn til ansatte;1634727.06;1647155.06;1611660.06;1644660.06;1626260.06;1306484.0;1620770.06;1610410.06;1675213.74;1656910.06;1618459.06;3459060.62;1724134.0;1668992.0;1668992.0;1724286.0;1684594.52;1075374.04;1717066.18;1696586.18;1969498.76;1959820.52;2453077.02;2862484.82;1793588.1;2084772.08;2054468.94;2054253.26;2040192.26;174292.38;2828297.5;1962634.26;1946184.3;1924140.6;2154249.42;2510376.72;1908082.92;1908760.92;2082132.92;1829368.92;1795352.92;390562.14;1849367.92;1906860.58;2199840.38;1941782.28;1921274.28;2584932.28
5020;Feriepenger  (/tidl. 5092);163665.84;164933.48;161313.0;164679.0;162802.2;130185.04;162242.22;161185.5;167795.5;165928.5;162006.5;349747.92;172785.34;167160.86;167160.88;171750.86;166728.62;104588.14;170890.76;168801.78;196638.88;195651.68;241713.86;286873.48;177845.98;207546.76;202755.84;203583.78;202149.6;11827.82;282536.36;194238.72;189304.7;189462.32;218883.48;255208.44;193774.48;193843.62;211527.52;185745.64;182276.04;38987.3;187785.52;193649.86;223533.66;197211.76;195120.0;262813.08
5030;Sykepenger;0.0;0.0;0.0;0.0;0.0;0.0;0.0;0.0;0.0;0.0;0.0;0.0;0.0;0.0;0.0;0.0;0.0;0.0;0.0;0.0;0.0;0.0;0.0;0.0;0.0;0.0;0.0;0.0;0.0;0.0;0.0;0.0;0.0;0.0;0.0;0.0;0.0;0.0;0.0;0.0;0.0;0.0;0.0;0.0;0.0;0.0;0.0;0.0
5095;Periodisering av lønn;0.0;0.0;0.0;0.0;0.0;0.0;0.0;0.0;0.0;0.0;0.0;0.0;0.0;0.0;0.0;0.0;0.0;0.0;0.0;73464.9;-73464.9;0.0;0.0;95600.0;0.0;-95600.0;0.0;0.0;0.0;0.0;0.0;0.0;0.0;0.0;0.0;0.0;0.0;280000.0;-280000.0;0.0;0.0;0.0;0.0;0.0;0.0;0.0;0.0;0.0
5096;Periodisering av feriepenger;0.0;0.0;0.0;0.0;0.0;0.0;0.0;0.0;0.0;0.0;0.0;0.0;0.0;0.0;0.0;0.0;0.0;0.0;0.0;7677.64;-7677.64;0.0;0.0;0.0;0.0;0.0;0.0;0.0;0.0;0.0;0.0;0.0;0.0;0.0;0.0;0.0;0.0;28560.0;-28560.0;0.0;0.0;0.0;0.0;0.0;0.0;0.0;0.0;0.0
5200;Fri bil;30434.0;30434.0;30434.0;30434.0;30434.0;30434.0;30434.0;30434.0;30434.0;30434.0;30434.0;30434.0;30434.0;30434.0;30434.0;20198.0;0.0;0.0;0.0;0.0;0.0;0.0;0.0;0.0;0.0;0.0;0.0;0.0;0.0;0.0;0.0;0.0;0.0;0.0;0.0;0.0;0.0;0.0;0.0;0.0;0.0;0.0;0.0;0.0;0.0;0.0;0.0;0.0
5210;Fri telefon;10248.0;10248.0;10248.0;10248.0;10248.0;10248.0;10248.0;10248.0;10614.0;10248.0;10248.0;10248.0;10248.0;10248.0;10248.0;10248.0;10248.0;10248.0;10248.0;9516.0;10248.0;9516.2;10980.0;10248.0;10248.0;10980.0;10980.0;10980.0;10980.0;10980.0;10856.02;10248.0;10248.0;10248.0;10248.0;10248.0;10248.0;10248.0;9516.0;9516.0;9516.0;9516.0;9516.0;9516.0;8784.0;8784.0;8784.0;8784.0
5215;Ansatt A;2118.0;2714.0;2713.94;2794.0;3876.0;2794.0;676.0;2697.76;2832.0;2692.0;2096.0;2372.1;2096.0;2096.0;2096.0;2096.0;1998.0;2070.0;2058.0;2058.0;2058.0;0.0;628.0;2133.48;2128.0;2058.0;2058.0;2058.0;0.0;0.0;0.0;4268.22;2365.34;2058.0;2058.0;9998.46;0.0;0.0;0.0;0.0;0.0;0.0;0.0;0.0;0.0;150.0;0.0;0.0
5216;Ansatt B;0.0;0.0;0.0;0.0;10068.0;0.0;9680.0;0.0;0.0;0.0;0.0;0.0;0.0;0.0;0.0;0.0;10928.0;0.0;10064.0;0.0;0.0;0.0;0.0;0.0;0.0;0.0;0.0;11340.0;0.0;0.0;0.0;0.0;893.9;0.0;0.0;0.0;0.0;0.0;0.0;0.0;0.0;0.0;0.0;0.0;0.0;0.0;0.0;0.0
5217;Ansatt C;1576.0;0.0;0.0;0.0;4639.76;0.0;1834.0;1988.14;3388.0;18880.2;1694.0;1709.6;1834.0;0.0;1631.06;0.0;0.0;1998.6;0.0;3983.4;0.0;0.0;6062.0;2134.0;2017.16;0.0;1836.0;0.0;0.0;0.0;0.0;0.0;0.0;0.0;0.0;0.0;0.0;0.0;0.0;0.0;0.0;0.0;0.0;0.0;0.0;0.0;0.0;0.0
5252;Ulykkesforsikring;0.0;0.0;0.0;0.0;0.0;0.0;0.0;0.0;0.0;0.0;0.0;0.0;0.0;0.0;0.0;0.0;0.0;0.0;0.0;0.0;0.0;0.0;0.0;0.0;0.0;0.0;0.0;0.0;0.0;0.0;0.0;0.0;0.0;0.0;0.0;0.0;0.0;0.0;0.0;0.0;0.0;0.0;0.0;0.0;0.0;0.0;0.0;14056.0
5280;Forsikringer, ansatte pliktig;0.0;0.0;0.0;0.0;0.0;0.0;0.0;0.0;0.0;0.0;0.0;0.0;0.0;0.0;0.0;0.0;0.0;0.0;0.0;0.0;0.0;0.0;0.0;0.0;0.0;0.0;0.0;0.0;0.0;0.0;0.0;0.0;0.0;0.0;0.0;0.0;0.0;0.0;0.0;0.0;0.0;0.0;0.0;0.0;0.0;0.0;0.0;79646.0
5290;Motkonto for gruppe 52;-40682.0;-40682.0;-40682.0;-40682.0;-40682.0;-40682.0;-40682.0;-40682.0;-41048.0;-40682.0;-40682.0;-40682.0;-40682.0;-40682.0;-40682.0;-30446.0;-10248.0;-10248.0;-10248.0;-9516.0;-10248.0;-9516.2;-10980.0;-10248.0;-10248.0;-10980.0;-10980.0;-10980.0;-10980.0;-10980.0;-10856.02;-10248.0;-10248.0;-10248.0;-10248.0;-10248.0;-10248.0;-10248.0;-9516.0;-9516.0;-9516.0;-9516.0;-9516.0;-9516.0;-8784.0;-8784.0;-8784.0;-102486.0
5400;Arbeidsgiveravgift;236252.04;237985.04;285406.86;203596.96;235161.84;189950.42;234264.74;22985.16;236985.74;322884.98;233938.96;528814.82;263948.94;241064.08;271045.1;247417.26;238972.82;153150.9;243579.26;285721.5;325149.52;266987.72;347562.08;432291.36;274098.66;295523.16;323999.14;308529.24;307221.62;44383.8;418658.7;294177.4;294111.76;293091.6;324146.42;373127.34;296082.36;287188.92;311609.28;277351.54;254685.96;55941.74;263074.86;288486.94;340719.74;317134.6;338526.5;488286.52
5401;Aga på F.P.;23076.9;23255.62;22745.14;23219.76;22955.14;18356.1;22876.16;22727.16;23659.18;23395.94;22842.92;49314.46;24362.78;23569.7;23569.7;24216.92;23508.74;14746.9;24095.6;23801.06;27726.1;27586.92;34081.72;40449.16;25076.28;29264.12;28588.6;28705.32;28503.12;1667.72;39837.66;27387.7;26691.98;26714.22;30862.56;35984.42;27322.16;27331.92;29825.34;26190.12;25700.88;5497.2;26477.74;27304.6;31518.24;27806.84;27511.9;37056.66
5495;Periodisering av arbeidsgiveravgift;0.0;0.0;0.0;0.0;0.0;0.0;0.0;0.0;0.0;0.0;0.0;0.0;0.0;0.0;0.0;0.0;0.0;0.0;0.0;10613.2;-10613.2;0.0;0.0;0.0;0.0;0.0;0.0;0.0;0.0;0.0;0.0;0.0;0.0;0.0;0.0;0.0;0.0;39480.0;-39480.0;0.0;0.0;0.0;0.0;0.0;0.0;0.0;0.0;0.0
5496;Periodisering av arbeidsgiveravgift av påløpt ferielønn;0.0;0.0;0.0;0.0;0.0;0.0;0.0;0.0;0.0;0.0;0.0;0.0;0.0;0.0;0.0;0.0;0.0;0.0;0.0;1082.54;-1082.54;0.0;0.0;0.0;0.0;0.0;0.0;0.0;0.0;0.0;0.0;0.0;0.0;0.0;0.0;0.0;0.0;4026.96;-4026.96;0.0;0.0;0.0;0.0;0.0;0.0;0.0;0.0;0.0
5510;Trekkpliktig del av reise/bilgodtgjørelse uteover;137.4;0.0;0.0;0.0;872.56;0.0;0.0;0.0;206.18;906.4;0.0;202.8;0.0;0.0;137.4;0.0;0.0;554.4;198.0;1147.08;0.0;1197.2;922.0;1019.2;0.0;156.78;1721.28;1069.4;50.24;330.4;434.92;1788.0;40.4;1824.8;603.24;178.4;0.0;0.0;151.9;101.34;1414.4;446.04;729.16;0.0;0.0;1568.0;443.22;0.0
5610;Kurs Etterutdanning Seminar;0.0;53100.0;24650.0;-53200.0;0.0;0.0;0.0;2400.0;300.0;42900.0;0.0;6000.0;27588.28;0.0;0.0;0.0;0.0;0.0;0.0;6800.0;47806.0;5308.0;0.0;-2600.0;12900.0;0.0;93425.0;6000.0;0.0;0.0;0.0;0.0;0.0;0.0;0.0;-3725.0;0.0;0.0;0.0;0.0;0.0;0.0;0.0;0.0;0.0;0.0;0.0;0.0
5800;Refusjon av sykepenger;0.0;0.0;-345600.0;0.0;0.0;0.0;0.0;-132020.0;-35718.0;-506.0;0.0;0.0;0.0;0.0;0.0;0.0;0.0;0.0;0.0;0.0;0.0;-179188.0;0.0;-211130.0;0.0;0.0;-14730.0;0.0;0.0;0.0;0.0;-19464.0;0.0;0.0;0.0;0.0;0.0;-17532.0;0.0;0.0;0.0;-3774.0;0.0;0.0;0.0;0.0;0.0;0.0
5900;Gave til ansatte, fradragsberettiget;0.0;0.0;0.0;0.0;0.0;0.0;0.0;0.0;0.0;0.0;1000.0;0.0;0.0;0.0;0.0;0.0;0.0;2400.0;0.0;0.0;7600.0;0.0;10905.24;70700.0;0.0;0.0;0.0;0.0;0.0;3600.0;0.0;576.0;0.0;0.0;0.0;46288.5;0.0;0.0;0.0;0.0;1100.0;0.0;0.0;8356.0;0.0;538.0;0.0;40512.26
5910;Kantinekostnad;48980.4;40960.46;21254.76;21842.5;25481.26;63941.22;1987.6;66729.78;60596.4;79043.26;27848.5;10483.64;5508.84;12294.22;30822.38;19808.02;22800.28;30356.26;13648.94;60334.76;68873.08;60007.92;48720.0;47579.82;25856.76;31727.1;64573.6;68912.74;51598.28;40829.02;1420.0;52213.64;46105.94;52454.96;44734.7;27954.46;59083.88;56682.4;55126.6;39346.92;37620.44;64635.88;7892.96;69080.72;35586.74;42258.4;68532.7;47518.54
5915;Overtidsmat;14369.5;17139.5;10961.2;2869.0;4734.5;3852.5;6238.0;8134.8;12516.3;17468.9;6304.0;6210.0;3332.0;2294.0;5992.0;30050.0;6680.0;9758.0;364.0;2992.0;5676.0;9594.0;2730.0;4904.0;0.0;0.0;6622.0;3968.0;2986.0;2857.6;1746.0;1308.2;1764.0;2296.0;0.0;2803.2;720.0;698.0;408.0;1594.0;1768.0;1824.0;754.0;1180.0;1892.0;4258.0;1452.0;794.0
5920;Studietur;0.0;0.0;0.0;0.0;0.0;0.0;0.0;0.0;0.0;0.0;0.0;0.0;0.0;0.0;0.0;0.0;0.0;0.0;0.0;0.0;107856.0;269441.94;0.0;0.0;0.0;0.0;0.0;0.0;0.0;0.0;0.0;0.0;0.0;0.0;0.0;0.0;0.0;0.0;0.0;0.0;0.0;0.0;0.0;0.0;223965.12;285290.0;131323.28;0.0
5930;OTP;162232.0;209588.0;0.0;104208.0;104288.0;105266.0;104804.0;105772.0;105084.0;66252.0;145082.0;105432.0;105332.0;107162.0;105940.0;106004.0;107200.0;107538.0;108676.0;115134.0;102092.0;102184.0;127674.0;275600.0;262976.0;0.0;122576.0;121848.0;127654.0;129176.0;129622.0;131158.0;129426.0;142450.0;133810.0;125490.0;316868.0;0.0;118194.0;128046.0;0.0;6166.0;0.0;129630.0;258990.0;189854.0;91668.0;130622.0
5945;Pensjonsforsikring for ansatte;-23488.0;-23488.0;-23488.0;-23488.0;-23488.0;-23488.0;-23488.0;-23488.0;-20659.0;-19716.0;-19716.0;-31897.92;-24539.24;-24539.24;-24539.24;-24539.24;-24091.76;-24558.76;-24558.76;-22355.76;-27982.76;-30791.08;-36703.78;-27882.0;-27882.0;-24246.0;-24246.0;-24246.0;-24246.0;-24246.0;-23862.92;-21984.0;-21984.0;-21984.0;-21984.0;-21984.0;-21984.0;-21984.0;-19876.0;-19876.0;-19876.0;-19876.0;-19876.0;-19876.0;-17768.0;-17768.0;-17768.0;-17768.0
5990;Annen personalkostnad;0.0;0.0;-2047.58;0.0;10904.6;28413.8;0.0;1698.4;1750.0;2807.4;0.0;14652.74;1820.0;483.2;14000.0;0.0;0.0;79425.6;0.0;1099.8;499.8;5440.0;115755.52;40320.0;3199.2;2040.0;4600.0;6558.0;20269.6;81686.64;1017.2;0.0;4000.0;7998.0;71244.0;1505.0;11284.2;0.0;12619.0;12394.6;81322.84;43934.0;7286.0;10640.0;59314.0;1132.0;80402.0;319.0
6000;Avskrivning på bygninger og annen fast eiendom;0.0;0.0;0.0;0.0;0.0;0.0;0.0;0.0;0.0;0.0;0.0;744200.2;0.0;0.0;0.0;0.0;0.0;0.0;0.0;0.0;0.0;0.0;0.0;717405.24;0.0;0.0;0.0;0.0;0.0;0.0;0.0;0.0;0.0;0.0;0.0;0.0;0.0;0.0;0.0;0.0;0.0;0.0;0.0;0.0;0.0;0.0;0.0;0.0
6015;Avskrivning på maskiner;0.0;0.0;0.0;0.0;0.0;0.0;0.0;0.0;0.0;0.0;0.0;0.0;0.0;0.0;0.0;0.0;0.0;0.0;0.0;0.0;0.0;0.0;0.0;0.0;0.0;0.0;0.0;0.0;0.0;0.0;0.0;0.0;0.0;0.0;0.0;909787.72;0.0;0.0;0.0;0.0;0.0;0.0;0.0;0.0;0.0;0.0;0.0;0.0
6100;Frakt, transportkostnad og forsikring ved vareforsendelse;0.0;0.0;1407.2;0.0;0.0;0.0;0.0;0.0;0.0;300.8;0.0;0.0;0.0;0.0;0.0;2955.44;0.0;0.0;0.0;0.0;0.0;0.0;350.0;0.0;613.6;0.0;0.0;0.0;796.2;325.8;0.0;1010.4;0.0;274.0;0.0;857.4;0.0;0.0;0.0;0.0;0.0;0.0;0.0;0.0;0.0;0.0;0.0;0.0
6110;Toll og spedisjonskostnad ved vareforsendelse;0.0;0.0;0.0;0.0;0.0;0.0;0.0;0.0;0.0;0.0;0.0;0.0;0.0;0.0;0.0;0.0;238.0;526.2;0.0;0.0;0.0;0.0;0.0;0.0;0.0;0.0;154.0;0.0;0.0;0.0;0.0;0.0;0.0;0.0;0.0;0.0;0.0;0.0;0.0;0.0;0.0;0.0;0.0;0.0;0.0;0.0;0.0;0.0
6300;Leie lokale;54086.0;108172.0;150729.6;204815.6;204815.6;204815.6;204815.6;150729.6;150728.0;150729.6;150730.0;150729.6;152998.0;152998.4;123304.0;152998.4;152998.4;152998.4;305996.8;7056.0;152998.4;152998.4;152998.0;158224.9;383594.0;157778.0;22680.0;157777.6;163448.0;163448.0;163448.0;163448.0;168136.0;163448.0;164620.8;164620.8;200755.2;50595.2;175132.8;179590.4;169276.8;169276.8;169276.8;169276.8;169276.8;169276.8;169276.8;169276.8
6302;Park.plasser Sentrum;0.0;0.0;0.0;0.0;0.0;0.0;0.0;0.0;8000.0;8000.0;8000.0;8000.0;8000.0;8000.0;8000.0;8000.0;8000.0;8000.0;-4000.0;0.0;0.0;0.0;0.0;0.0;0.0;0.0;0.0;0.0;0.0;0.0;0.0;0.0;0.0;0.0;0.0;0.0;0.0;0.0;0.0;0.0;0.0;0.0;0.0;0.0;0.0;0.0;0.0;0.0
6320;Renovasjon, vann, avløp o.l.;0.0;0.0;0.0;0.0;0.0;0.0;0.0;0.0;0.0;0.0;0.0;0.0;0.0;0.0;0.0;0.0;0.0;0.0;0.0;0.0;0.0;0.0;0.0;0.0;0.0;0.0;0.0;0.0;0.0;0.0;0.0;0.0;0.0;0.0;0.0;53504.0;0.0;13372.8;-41256.0;0.0;0.0;0.0;0.0;0.0;0.0;0.0;0.0;0.0
6340;Lys, varme;0.0;0.0;0.0;3051.16;2176.6;2098.96;1378.52;9538.08;1503.14;3916.68;1028.04;5875.18;1952.86;8491.48;10410.8;6124.22;4660.08;3455.28;2310.98;1809.36;3235.42;4955.3;6984.88;10543.18;18693.42;13906.76;10624.44;14774.32;10248.12;7446.14;5126.78;3228.92;9559.94;13175.96;10538.46;13307.64;33830.24;19716.98;16771.22;17760.32;9943.36;4676.62;2987.16;1438.56;2012.92;1833.58;6714.26;14373.0
6360;Renhold;0.0;1790.24;0.0;12920.98;127.84;1550.8;62.4;7396.3;10663.98;3856.6;0.0;-1413.1;0.0;0.0;0.0;7251.32;0.0;0.0;0.0;0.0;19525.0;7253.12;-7947.62;1600.0;0.0;0.0;14560.52;0.0;8688.88;0.0;0.0;13949.84;0.0;0.0;0.0;21127.42;20004.96;0.0;37300.02;0.0;0.0;24308.64;0.0;31011.76;4159.92;11011.76;16815.52;0.0
6390;Lokaer. flyttekost;0.0;0.0;67320.0;102050.0;15624.0;53584.0;0.0;0.0;0.0;0.0;0.0;91734.4;0.0;0.0;0.0;0.0;0.0;0.0;0.0;0.0;0.0;0.0;0.0;0.0;0.0;0.0;0.0;0.0;0.0;0.0;0.0;0.0;0.0;0.0;0.0;0.0;0.0;0.0;0.0;0.0;0.0;0.0;0.0;0.0;0.0;0.0;0.0;0.0
6400;Leie maskiner/Cannon fra DnB;0.0;11466.0;17201.5;0.0;0.0;17171.5;0.0;0.0;17171.5;0.0;0.0;27410.54;0.0;42533.5;433.48;0.0;0.0;12205.0;0.0;0.0;12205.0;0.0;0.0;4076.32;0.0;0.0;15319.66;4089.66;4089.68;4103.0;4103.0;4103.0;4127.66;4127.66;4127.68;12331.68;16742.0;4171.0;34237.44;0.0;22750.06;13472.34;0.0;14366.76;13472.34;0.0;0.0;9003.42
6420;Leie datasystemer;0.0;0.0;0.0;0.0;0.0;0.0;0.0;0.0;0.0;0.0;0.0;0.0;0.0;0.0;0.0;0.0;0.0;0.0;0.0;0.0;0.0;0.0;0.0;0.0;0.0;0.0;0.0;0.0;0.0;13440.0;0.0;0.0;0.0;0.0;13440.0;0.0;0.0;0.0;0.0;0.0;0.0;0.0;0.0;0.0;0.0;0.0;0.0;0.0
6430;Leie andre kontormaskiner;0.0;0.0;0.0;0.0;0.0;0.0;0.0;0.0;0.0;0.0;0.0;0.0;0.0;0.0;0.0;0.0;0.0;0.0;0.0;0.0;0.0;0.0;0.0;0.0;0.0;0.0;0.0;0.0;0.0;0.0;0.0;0.0;0.0;0.0;0.0;0.0;0.0;0.0;0.0;0.0;0.0;0.0;0.0;0.0;0.0;0.0;0.0;0.0
6442;Bil Ansatt;16024.0;0.0;8012.0;16024.0;0.0;8012.0;8016.0;8016.0;8016.0;7854.0;7924.0;41547.68;15558.32;0.0;36172.0;0.0;-22800.0;23489.84;0.0;0.0;0.0;0.0;0.0;0.0;0.0;0.0;0.0;0.0;0.0;0.0;0.0;0.0;0.0;0.0;0.0;0.0;0.0;0.0;0.0;0.0;0.0;0.0;0.0;0.0;0.0;0.0;0.0;0.0
6443;Toyota D;21284.36;10642.18;21284.36;10642.18;0.0;10642.18;10642.18;10642.18;0.0;24119.7;13477.52;41666.0;26955.04;0.0;13477.52;87277.46;0.0;0.0;0.0;0.0;0.0;13477.4;58826.0;0.0;0.0;0.0;0.0;0.0;0.0;0.0;0.0;0.0;0.0;0.0;0.0;0.0;0.0;0.0;0.0;0.0;0.0;0.0;0.0;0.0;0.0;0.0;0.0;0.0
6510;Håndverktøy;0.0;0.0;0.0;0.0;0.0;0.0;0.0;0.0;0.0;0.0;0.0;206.4;0.0;0.0;0.0;0.0;0.0;0.0;0.0;0.0;0.0;0.0;0.0;0.0;0.0;0.0;0.0;0.0;0.0;0.0;0.0;0.0;0.0;0.0;0.0;0.0;0.0;0.0;0.0;0.0;0.0;0.0;0.0;0.0;0.0;0.0;0.0;0.0
6530;Spesialverktøy;0.0;0.0;0.0;0.0;0.0;0.0;0.0;0.0;0.0;0.0;15660.8;0.0;0.0;0.0;0.0;0.0;0.0;0.0;0.0;0.0;0.0;0.0;0.0;0.0;0.0;0.0;0.0;0.0;0.0;0.0;0.0;0.0;0.0;0.0;0.0;0.0;0.0;0.0;0.0;0.0;0.0;0.0;0.0;0.0;0.0;0.0;0.0;0.0
6540;Inventar;1067.2;0.0;0.0;640.0;0.0;4073.0;0.0;0.0;0.0;0.0;2590.4;0.0;0.0;0.0;5226.0;0.0;0.0;0.0;3196.8;19409.6;0.0;0.0;0.0;29086.4;0.0;0.0;0.0;0.0;3984.0;2112.0;9819.2;0.0;0.0;6280.0;2536.0;1446.24;0.0;2280.0;8000.0;2891.04;0.0;1952.0;0.0;2017.6;0.0;1086.08;36480.0;0.0
6550;Datautstyr. soft. hard.;0.0;0.0;0.0;2156.8;2557.72;0.0;0.0;0.0;0.0;0.0;0.0;9396.8;267102.4;0.0;0.0;0.0;0.0;0.0;0.0;23412.8;7033.6;328888.0;0.0;0.0;108950.4;116400.0;113905.6;1323.2;0.0;0.0;0.0;3192.0;0.0;0.0;0.0;0.0;0.0;0.0;0.0;0.0;142.4;0.0;0.0;0.0;0.0;0.0;0.0;0.0
6551;Datautstyr (hardware);11622.4;220729.2;1755.2;0.0;0.0;0.0;263340.8;0.0;9040.0;251766.4;21804.4;398.4;26366.4;17228.8;0.0;0.0;0.0;0.0;0.0;0.0;0.0;0.0;0.0;0.0;1438.4;8252.1;0.0;0.0;0.0;0.0;0.0;0.0;0.0;0.0;0.0;130425.6;10486.4;114080.0;0.0;0.0;0.0;0.0;0.0;0.0;0.0;0.0;510.72;36592.0
6552;Datautstyr (software);36834.0;0.0;0.0;0.0;0.0;0.0;0.0;0.0;3074.08;0.0;0.0;0.0;0.0;0.0;211266.0;0.0;0.0;0.0;0.0;0.0;0.0;0.0;0.0;700.8;0.0;42254.0;10231.68;0.0;0.0;0.0;0.0;0.0;0.0;0.0;0.0;0.0;0.0;1488.0;149717.18;130484.14;134792.14;30553.94;20962.54;20962.54;20962.54;25992.22;20962.54;20962.54
6553;Vedl.Hol  Programvare/tjenester;343742.02;92164.0;80387.0;343798.8;103500.8;167398.4;72013.0;60120.0;128873.0;18995.6;39586.82;111206.0;6786.0;19512.0;429303.0;409122.52;128087.0;192950.6;1369819.6;163326.6;126758.02;23818.0;25361.6;-643859.7;10168.0;29068.0;73234.6;155707.42;167148.2;266302.4;1084278.46;146649.16;298231.66;146543.06;307713.78;490145.48;106389.14;157007.54;35965.94;126316.74;58095.52;246567.02;270900.7;828635.54;136733.74;157771.14;221316.72;163847.44
6560;Rekvisita;0.0;0.0;0.0;0.0;0.0;0.0;0.0;0.0;0.0;14100.0;0.0;0.0;0.0;0.0;0.0;0.0;0.0;0.0;0.0;0.0;0.0;0.0;0.0;0.0;0.0;0.0;0.0;0.0;0.0;0.0;0.0;0.0;0.0;0.0;0.0;0.0;398.4;0.0;0.0;1438.4;0.0;0.0;0.0;0.0;6401.26;0.0;0.0;1198.4
6570;ArbeidsklÃÂ¦r og verneutstyr;0.0;0.0;0.0;0.0;0.0;0.0;0.0;0.0;0.0;0.0;0.0;0.0;23028.8;3248.0;0.0;0.0;0.0;2897.6;0.0;0.0;0.0;0.0;0.0;0.0;0.0;0.0;0.0;0.0;0.0;0.0;0.0;0.0;1444.8;0.0;0.0;0.0;0.0;0.0;0.0;0.0;0.0;0.0;0.0;0.0;0.0;0.0;0.0;0.0
6590;Annet driftsmateriale;0.0;0.0;15600.0;0.0;0.0;23078.32;0.0;0.0;11814.1;0.0;0.0;0.0;0.0;0.0;9843.68;0.0;0.0;0.0;0.0;0.0;0.0;0.0;0.0;0.0;0.0;0.0;0.0;6698.0;0.0;0.0;0.0;0.0;0.0;39582.4;174.24;0.0;0.0;0.0;0.0;14000.0;0.0;0.0;0.0;0.0;0.0;0.0;0.0;0.0
6620;Reparasjon og vedlikehold utstyr;0.0;0.0;0.0;0.0;0.0;0.0;0.0;0.0;0.0;0.0;0.0;0.0;0.0;0.0;0.0;0.0;0.0;0.0;0.0;0.0;2872.0;0.0;0.0;0.0;1278.4;32324.8;0.0;0.0;0.0;0.0;0.0;122830.4;0.0;0.0;0.0;0.0;0.0;0.0;0.0;0.0;0.0;0.0;0.0;0.0;0.0;0.0;0.0;16244.8
6700;Revisjonshonorar;0.0;0.0;0.0;0.0;0.0;0.0;0.0;0.0;0.0;83000.0;0.0;0.0;0.0;0.0;0.0;0.0;0.0;85000.0;0.0;0.0;0.0;0.0;0.0;0.0;0.0;0.0;89000.0;0.0;0.0;0.0;0.0;0.0;0.0;0.0;0.0;0.0;0.0;0.0;0.0;0.0;0.0;0.0;0.0;103000.0;0.0;0.0;0.0;0.0
6705;Regnskapshonorar;0.0;92740.0;41040.0;0.0;55440.0;33120.0;0.0;45360.0;14400.0;39600.0;0.0;0.0;41040.0;50640.0;0.0;61420.0;33300.0;22200.0;0.0;0.0;55500.0;62160.0;0.0;90280.0;37365.0;82790.0;37365.0;15900.0;62987.5;15802.5;13117.5;17092.5;24645.0;6757.5;21862.5;11527.5;20620.0;14875.0;25320.0;8075.0;11735.0;11392.5;12215.0;17315.0;12695.0;21632.5;9295.0;22415.0
6720;Advokat. juridisk hjelp;109700.0;0.0;0.0;0.0;0.0;0.0;0.0;0.0;0.0;0.0;0.0;0.0;0.0;0.0;0.0;0.0;0.0;0.0;0.0;0.0;0.0;0.0;0.0;0.0;0.0;56000.0;0.0;0.0;0.0;0.0;0.0;0.0;0.0;0.0;0.0;0.0;0.0;0.0;0.0;0.0;0.0;0.0;0.0;0.0;0.0;0.0;0.0;0.0
6790;Annen fremmed tjeneste;0.0;0.0;25609.6;0.0;0.0;24000.0;0.0;0.0;0.0;0.0;9000.0;1334.0;0.0;16966.0;19666.0;0.0;0.0;32800.0;0.0;0.0;0.0;0.0;0.0;1470.0;33784.0;9478.0;5000.0;16956.0;0.0;0.0;0.0;0.0;0.0;0.0;0.0;16130.0;0.0;16956.0;5000.0;0.0;0.0;0.0;0.0;0.0;166350.4;0.0;658.0;10000.0
6800;Kontorrekvisita;5425.28;0.0;13766.16;12122.0;1905.6;2918.74;0.0;3791.04;11247.52;5873.9;7870.32;0.0;0.0;10566.0;796.64;0.0;3132.36;26042.0;3034.88;25290.86;11230.0;521.6;11157.2;19208.88;1205.2;11546.8;20718.24;5579.26;11590.64;14978.88;13514.1;0.0;12349.54;11710.88;553.6;16329.54;0.0;7163.2;9525.8;35661.54;298.72;680.0;0.0;0.0;431.04;3872.0;16741.0;1994.04
6810;Data/EDB-kostnad;0.0;0.0;0.0;0.0;0.0;0.0;0.0;0.0;0.0;0.0;0.0;0.0;0.0;0.0;0.0;0.0;0.0;0.0;0.0;0.0;0.0;0.0;0.0;0.0;0.0;0.0;1598.18;0.0;1323.2;0.0;414.4;0.0;8984.08;0.0;14842.12;0.0;3803.54;0.0;0.0;0.0;5702.4;8289.7;0.0;0.0;0.0;0.0;11404.8;0.0
6820;Trykksak;8803.2;13395.6;10107.38;12664.0;21447.2;27135.6;2746.8;1304.0;29245.3;15567.2;6209.6;28673.6;35202.8;9419.2;4312.4;25308.44;8724.0;31900.04;4904.16;41247.24;44370.72;17540.52;13862.8;0.0;7543.04;0.0;0.0;0.0;1550.0;0.0;0.0;14169.6;1169.6;17697.12;0.0;2640.0;2145.6;0.0;2417.6;0.0;3980.8;0.0;0.0;17264.8;0.0;0.0;1600.0;0.0
6840;Aviser, tidsskrifter, bøker o.l.;1440.0;13800.0;0.0;0.0;0.0;0.0;0.0;1732.0;2334.0;1130.0;1130.0;14690.8;0.0;1470.0;0.0;1737.5;0.0;1296.0;0.0;6000.0;3943.56;0.0;1290.04;-19591.2;25904.0;1500.0;29747.2;2894.0;3369.02;10486.2;9314.26;2729.06;14927.26;769.14;0.0;0.0;1784.0;1580.0;28184.0;338.4;645.06;0.0;11856.0;0.0;4606.96;0.0;4537.6;4150.0
6841;Aviser ansatte;596.0;0.0;0.0;0.0;0.0;0.0;0.0;0.0;0.0;0.0;0.0;0.0;0.0;0.0;0.0;0.0;0.0;0.0;0.0;0.0;0.0;0.0;0.0;0.0;0.0;0.0;0.0;0.0;0.0;0.0;0.0;0.0;0.0;0.0;0.0;0.0;0.0;0.0;0.0;0.0;0.0;0.0;0.0;0.0;0.0;0.0;0.0;0.0
6860;Møte, kurs, oppdatering o.l.;7486.0;0.0;43000.0;0.0;9700.8;0.0;0.0;0.0;0.0;7300.0;136263.32;0.0;0.0;0.0;0.0;0.0;0.0;0.0;0.0;0.0;0.0;0.0;0.0;0.0;0.0;0.0;26860.64;1598.0;8330.0;0.0;0.0;0.0;3980.0;156.0;12888.0;1180.0;35802.0;0.0;91000.0;1515.32;15758.0;356.0;0.0;16800.0;14647.34;0.0;3000.0;0.0
6890;Annen kontorkostnad;0.0;0.0;0.0;1440.32;0.0;0.0;0.0;0.0;0.0;0.0;0.0;0.0;0.0;0.0;0.0;0.0;0.0;0.0;0.0;0.0;0.0;0.0;558.0;0.0;0.0;0.0;0.0;158.4;600.0;3817.44;0.0;0.0;2739.2;316.32;0.0;0.0;3504.0;0.0;0.0;640.0;7205.12;0.0;206.4;0.0;5200.0;0.0;1438.4;128.0
6900;Telefon;13517.4;12577.0;14065.46;10128.58;15621.26;82716.64;8402.92;10950.04;10123.2;9361.6;9115.2;9320.0;10124.8;9455.26;8833.56;9016.8;9113.34;8841.58;8991.4;14327.96;12582.56;9566.88;11070.1;15650.82;15720.4;14291.08;17394.52;14608.74;17749.54;31048.12;15667.46;19372.9;20490.9;14050.44;14880.72;14433.34;16206.32;11092.18;11335.48;15878.52;10453.5;9705.94;0.0;0.0;0.0;0.0;0.0;0.0
6901;Telefon kostnad. ikke mva. fradrag;15383.68;0.0;27076.64;0.0;0.0;2400.0;0.0;0.0;0.0;0.0;3045.04;0.0;1948.84;10788.52;2213.42;14780.74;171.4;170.04;938.02;7818.48;3263.32;634.54;177.0;1971.8;178.38;181.4;0.0;0.0;0.0;0.0;0.0;0.0;0.0;0.0;0.0;0.0;0.0;0.0;0.0;0.0;0.0;0.0;0.0;0.0;0.0;0.0;0.0;0.0
6903;Telefon/Prod.utstyr.;83529.94;0.0;19388.8;-13878.0;1392.36;0.0;10979.68;0.0;0.0;0.0;13506.0;30616.32;0.0;0.0;192.0;0.0;0.0;0.0;0.0;318.4;800.0;0.0;0.0;0.0;0.0;0.0;0.0;0.0;0.0;0.0;0.0;0.0;0.0;0.0;0.0;0.0;0.0;0.0;0.0;0.0;0.0;0.0;0.0;0.0;0.0;0.0;0.0;0.0
6907;Data.kommunikasjon.;0.0;0.0;0.0;0.0;0.0;0.0;0.0;0.0;0.0;9470.66;0.0;0.0;0.0;0.0;0.0;0.0;0.0;14680.0;0.0;0.0;0.0;0.0;0.0;0.0;0.0;0.0;0.0;0.0;0.0;0.0;0.0;0.0;181500.0;0.0;0.0;0.0;0.0;0.0;1198.0;1198.0;1198.0;1198.0;11056.46;10745.94;12236.62;18882.52;13638.94;11488.54
6909;Datakommmunikasjon. utland;0.0;0.0;0.0;0.0;0.0;0.0;0.0;9164.8;0.0;5681.58;0.0;0.0;56953.38;0.0;0.0;0.0;0.0;0.0;0.0;0.0;0.0;0.0;0.0;0.0;0.0;0.0;0.0;0.0;0.0;0.0;0.0;0.0;0.0;0.0;0.0;0.0;0.0;0.0;0.0;0.0;0.0;0.0;0.0;0.0;0.0;0.0;0.0;0.0
6940;Porto;2441.64;0.0;0.0;0.0;1376.0;0.0;0.0;0.0;0.0;0.0;0.0;1161.6;0.0;0.0;0.0;0.0;0.0;0.0;0.0;0.0;0.0;0.0;358.72;1190.4;270.4;0.0;0.0;0.0;0.0;121.6;0.0;0.0;0.0;0.0;0.0;1177.6;0.0;129.6;0.0;0.0;0.0;640.0;0.0;0.0;0.0;0.0;724.8;1515.2
7000;Drivstoff, selskapets transportmidler;0.0;0.0;11386.6;5249.98;0.0;3670.74;5245.66;8411.84;18509.74;11083.5;2678.86;6617.94;5097.04;1000.16;8041.5;5815.92;6882.52;7591.12;0.0;0.0;0.0;0.0;0.0;0.0;0.0;1563.26;0.0;0.0;0.0;0.0;0.0;0.0;0.0;0.0;0.0;0.0;0.0;0.0;0.0;0.0;0.0;0.0;0.0;0.0;0.0;0.0;0.0;0.0
7020;Vedlikehold, selskapets transportmidler;3492.02;878.0;358.0;16126.0;1101.2;13678.8;4670.0;0.0;0.0;10041.0;2676.0;20000.0;0.0;0.0;0.0;7860.0;0.0;0.0;0.0;0.0;0.0;19312.0;0.0;0.0;0.0;0.0;0.0;0.0;0.0;0.0;0.0;0.0;0.0;0.0;0.0;0.0;0.0;0.0;0.0;0.0;0.0;0.0;0.0;0.0;0.0;0.0;0.0;0.0
7040;Forsikring, selskapets transportmidler;0.0;0.0;0.0;0.0;0.0;0.0;0.0;0.0;0.0;0.0;0.0;0.0;0.0;0.0;0.0;0.0;0.0;0.0;0.0;0.0;0.0;0.0;0.0;0.0;0.0;0.0;0.0;0.0;0.0;0.0;0.0;0.0;0.0;0.0;0.0;0.0;0.0;0.0;0.0;0.0;0.0;0.0;0.0;0.0;0.0;0.0;0.0;0.0
7090;Annen kostnad, selskapets transportmidler;5280.0;1678.4;0.0;0.0;0.0;0.0;0.0;0.0;0.0;0.0;0.0;3292.8;0.0;0.0;0.0;0.0;0.0;0.0;0.0;0.0;0.0;0.0;0.0;0.0;0.0;0.0;0.0;0.0;0.0;0.0;0.0;0.0;0.0;0.0;0.0;0.0;0.0;0.0;0.0;0.0;0.0;0.0;1800.0;0.0;0.0;0.0;0.0;0.0
7100;Bilgodtgjørelse oppgavepliktig;1838.14;0.0;0.0;0.0;5495.0;0.0;0.0;0.0;1361.5;7798.64;0.0;1183.0;0.0;0.0;1838.14;640.08;0.0;5107.0;1155.0;10116.14;0.0;10987.28;6962.9;7819.0;0.0;1166.32;14840.28;9103.16;331.8;2181.9;2872.18;15645.0;343.08;17945.28;4502.36;1315.5;0.0;0.0;542.5;361.98;12376.0;1803.04;5897.78;0.0;0.0;13720.0;2068.94;0.0
7130;Reisekostnad, oppgavepliktig;0.0;0.0;0.0;0.0;0.0;0.0;0.0;0.0;0.0;0.0;1740.0;0.0;0.0;0.0;0.0;0.0;0.0;0.0;0.0;0.0;0.0;0.0;0.0;0.0;0.0;0.0;0.0;0.0;0.0;0.0;0.0;0.0;0.0;0.0;0.0;0.0;0.0;0.0;0.0;0.0;0.0;0.0;0.0;0.0;0.0;0.0;0.0;0.0
7140;Reise/ parkeringsutgifter  Ikke oppgavepliktig;14095.96;22348.86;37906.8;22000.04;31824.46;33418.0;8452.92;31739.3;25307.84;28768.88;18399.84;14622.8;5248.02;2341.08;4531.86;4317.94;7033.86;16580.84;8485.82;16397.7;22506.96;34559.82;19201.54;14035.84;7507.2;10172.64;42786.34;16251.92;42915.74;20823.64;13611.52;12112.06;11405.38;24187.88;23940.34;17738.86;9766.7;8775.26;12870.0;15073.78;18799.2;25094.7;10272.5;22421.5;13589.66;25860.14;19135.28;6702.0
7150;Diettkostnad, oppgavepliktig;292.0;0.0;0.0;0.0;0.0;0.0;0.0;0.0;0.0;800.0;2340.0;0.0;0.0;0.0;0.0;0.0;0.0;0.0;0.0;0.0;0.0;400.0;0.0;0.0;0.0;0.0;0.0;0.0;0.0;0.0;0.0;0.0;0.0;0.0;0.0;0.0;0.0;0.0;0.0;0.0;0.0;0.0;0.0;0.0;0.0;0.0;0.0;0.0
7160;Andre reisekostnader;0.0;0.0;0.0;0.0;0.0;0.0;0.0;0.0;296.0;0.0;0.0;0.0;0.0;0.0;0.0;0.0;0.0;0.0;0.0;0.0;0.0;0.0;0.0;0.0;2422.0;3174.0;3784.0;4642.86;3753.74;1780.0;6435.6;3514.0;2256.0;2288.0;3849.8;1473.8;0.0;318.0;318.0;515.8;646.0;726.0;240.0;429.52;2698.0;814.6;952.0;3671.6
7320;Reklamekostnad;24000.0;0.0;0.0;0.0;0.0;0.0;0.0;0.0;0.0;0.0;0.0;0.0;0.0;0.0;0.0;0.0;0.0;0.0;0.0;0.0;0.0;0.0;0.0;0.0;0.0;0.0;0.0;0.0;0.0;0.0;0.0;0.0;0.0;0.0;0.0;0.0;0.0;0.0;0.0;0.0;0.0;0.0;0.0;0.0;0.0;0.0;0.0;0.0
7329;Annonsering.;9600.0;0.0;2140.0;1035.0;0.0;828.0;0.0;0.0;828.0;0.0;0.0;2018.4;0.0;0.0;11760.0;16600.0;10000.0;0.0;2130.0;0.0;0.0;0.0;0.0;35065.0;1065.0;0.0;1098.0;0.0;0.0;878.4;0.0;0.0;6240.0;878.4;0.0;52200.0;0.0;0.0;0.0;6100.0;0.0;7056.0;15800.0;0.0;8238.4;2033.34;2033.34;2033.32
7350;Representasjon, fradragsberettiget;0.0;0.0;0.0;0.0;0.0;0.0;0.0;0.0;0.0;544.0;1216.0;0.0;0.0;0.0;0.0;0.0;0.0;0.0;0.0;760.0;0.0;0.0;0.0;0.0;0.0;0.0;0.0;0.0;0.0;0.0;0.0;0.0;0.0;0.0;0.0;0.0;3000.0;0.0;0.0;1576.0;0.0;0.0;900.0;0.0;0.0;1318.0;0.0;0.0
7360;Representasjon, ikke fradragsberettiget;1800.0;0.0;3200.0;0.0;0.0;0.0;0.0;2400.0;0.0;4100.0;12514.0;3082.0;0.0;0.0;378.6;0.0;0.0;25260.0;4481.5;8400.0;0.0;0.0;0.0;32301.2;0.0;0.0;20000.0;0.0;0.0;0.0;0.0;0.0;0.0;0.0;0.0;0.0;0.0;0.0;0.0;0.0;0.0;0.0;0.0;0.0;0.0;0.0;0.0;0.0
7400;Kontingent, fradragsberettiget;0.0;6200.0;0.0;0.0;0.0;0.0;7980.0;7980.0;8800.0;0.0;0.0;0.0;0.0;0.0;6200.0;0.0;0.0;0.0;0.0;8800.0;0.0;0.0;0.0;0.0;0.0;2270.0;25400.0;0.0;0.0;0.0;8880.0;0.0;0.0;0.0;0.0;0.0;0.0;0.0;10538.0;2000.0;2000.0;2000.0;11344.0;2000.0;2000.0;2000.0;2000.0;2000.0
7420;Gave, fradragsberettiget;0.0;0.0;0.0;0.0;0.0;0.0;0.0;0.0;1040.0;0.0;0.0;70878.0;10000.0;0.0;0.0;0.0;0.0;0.0;0.0;0.0;0.0;0.0;0.0;0.0;0.0;0.0;50000.0;0.0;0.0;0.0;0.0;0.0;0.0;1478.0;0.0;1116.0;0.0;10000.0;0.0;0.0;0.0;0.0;0.0;0.0;0.0;0.0;748.0;1836.0
7430;Gave, ikke fradragsberettiget;0.0;0.0;0.0;0.0;0.0;0.0;0.0;0.0;0.0;0.0;0.0;16906.0;0.0;0.0;0.0;0.0;0.0;0.0;0.0;0.0;0.0;0.0;0.0;0.0;0.0;0.0;0.0;0.0;0.0;4000.0;0.0;0.0;0.0;0.0;0.0;0.0;0.0;0.0;0.0;0.0;0.0;0.0;0.0;0.0;0.0;0.0;0.0;0.0
7500;Forsikringspremie;16100.0;48100.0;16100.0;16100.0;16850.0;16100.0;16100.0;16100.0;16100.0;57934.0;0.0;0.0;18632.6;18632.6;18632.6;18632.6;18632.6;18632.6;18632.6;18632.6;18632.6;18632.6;38022.24;0.0;0.0;0.0;1955.74;0.0;0.0;0.0;0.0;0.0;0.0;0.0;41884.1;231944.1;41884.1;41884.1;41884.1;41884.1;41884.1;41884.1;41884.1;41884.1;41884.1;41884.0;24187.84;24187.84
7710;Generalforsamling;0.0;0.0;0.0;0.0;13220.0;0.0;0.0;0.0;0.0;0.0;0.0;0.0;0.0;0.0;0.0;0.0;0.0;29200.0;0.0;0.0;0.0;0.0;0.0;0.0;0.0;0.0;0.0;0.0;0.0;38400.0;0.0;0.0;0.0;0.0;0.0;0.0;0.0;0.0;0.0;0.0;0.0;0.0;0.0;0.0;0.0;0.0;0.0;0.0
7740;ÃÂredifferanser;-0.04;-0.76;-10.86;-0.28;-1.84;-4.28;-0.68;-3.74;0.26;-0.78;-0.96;-0.42;-0.94;0.32;-1.1;-4.14;-0.82;-3.56;-1.26;-1.06;-5.52;-2.08;-0.04;-3.54;9.34;-14.24;-0.64;-1.24;-1.62;-0.58;-0.62;-1.38;-1.76;-1.96;-0.42;-2.32;-1.36;0.6;-1.2;-2.86;-1.8;0.58;-0.86;-1.24;-1.74;-2.02;-0.5;-3.56
7770;Bank og kortgebyrer;2513.8;2245.2;2728.8;2713.3;2525.8;14935.46;2482.8;3680.76;2441.8;6086.0;3491.3;1757.2;2509.6;2415.8;3133.8;2602.6;2741.3;3032.5;2571.3;2594.0;3281.1;3105.5;2895.8;4556.36;2547.6;4949.8;3754.0;2218.1;1615.3;1598.9;1096.1;2556.4;1189.3;1436.5;1417.2;1386.4;1468.3;1103.3;1973.8;935.6;1990.0;2180.5;1390.5;1486.5;2030.0;2002.0;3100.0;1322.5
7790;Annen kostnad, fradragsberettiget;0.0;0.0;0.0;0.0;0.0;0.0;0.0;0.0;0.0;0.0;0.0;0.0;0.0;0.0;0.0;0.0;0.0;0.0;0.0;0.0;0.0;0.0;0.0;0.0;0.0;0.0;0.0;0.0;0.0;0.0;0.0;80000.0;0.0;0.0;0.0;0.0;0.0;0.0;0.0;0.0;0.0;0.0;0.0;0.0;0.0;0.0;0.0;0.0
7830;Konstaterte tap på fordringer;0.0;0.0;0.0;0.0;0.0;0.0;0.0;0.0;0.0;0.0;0.0;0.0;0.0;0.0;0.0;0.0;0.0;0.0;0.0;0.0;0.0;0.0;0.0;0.0;0.0;0.0;0.0;0.0;0.0;0.0;0.0;0.0;0.0;0.0;0.0;11855.0;0.0;0.0;0.0;0.0;0.0;0.0;0.0;0.0;0.0;0.0;0.0;0.0
7831;Endring i avsetning tap på fordringer;0.0;0.0;0.0;0.0;0.0;0.0;0.0;0.0;0.0;0.0;0.0;0.0;0.0;0.0;0.0;0.0;0.0;0.0;0.0;0.0;0.0;0.0;0.0;380000.0;0.0;0.0;0.0;0.0;0.0;0.0;0.0;0.0;0.0;0.0;0.0;100000.0;0.0;0.0;0.0;0.0;0.0;0.0;0.0;0.0;0.0;0.0;0.0;0.0
8040;Renteinntekt, skattefri;-0.0;-0.0;-0.0;-0.0;-0.0;-0.0;-0.0;-0.0;-0.0;5854.0;-0.0;-0.0;-0.0;-0.0;-0.0;-0.0;-0.0;-0.0;-0.0;-0.0;-0.0;-0.0;-0.0;-0.0;-0.0;-0.0;-0.0;-0.0;-0.0;-0.0;-0.0;-0.0;-0.0;-0.0;-0.0;-0.0;-0.0;-0.0;-0.0;-0.0;-0.0;-0.0;-0.0;-0.0;-0.0;-0.0;-0.0;-0.0
8050;Annen renteinntekt;2.0;-0.0;-0.0;-0.0;-0.0;2283.5;-0.0;-0.0;47.02;-0.0;-0.0;4837.1;1266.8;-0.0;-0.0;361.96;7770.24;-0.0;-0.0;4650.52;155.46;2229.26;1759.34;159.84;-0.0;-0.0;-0.0;-0.0;-0.0;559.6;-0.0;-0.0;-0.0;-0.0;-0.0;611.8;-0.0;-0.0;-0.0;-0.0;-0.0;-0.0;-0.0;-0.0;5006.0;-0.0;-0.0;894.32
8060;Valutagevinst (agio);-0.0;-0.0;-0.0;-0.0;-0.0;-0.0;-0.0;-0.0;-0.0;-0.0;-0.0;-0.0;-0.0;-0.0;-0.0;-0.0;-0.0;-0.0;-0.0;-0.0;-0.0;-0.0;-0.0;-0.0;-0.0;-0.0;36.12;-0.0;-0.0;-0.0;-0.0;-0.0;-0.0;-0.0;-0.0;-0.0;-0.0;-0.0;-0.0;-0.0;-0.0;-0.0;-0.0;-0.0;-0.0;-0.0;-0.0;1662.0
8070;Annen finansinntekt;-0.0;-0.0;-0.0;-0.0;-0.0;-0.0;-0.0;-0.0;-0.0;-0.0;-0.0;-0.0;-0.0;-0.0;-0.0;-0.0;-0.0;-0.0;-0.0;-0.0;-0.0;-0.0;-0.0;-0.0;-0.0;-0.0;-0.0;-0.0;-0.0;-0.0;-0.0;-0.0;-0.0;-0.0;-0.0;-0.0;-0.0;-0.0;-0.0;-0.0;-0.0;4796.0;-0.0;-0.0;-0.0;-0.0;-0.0;-0.0
8071;Aksjeutbytte;-0.0;-0.0;-0.0;-0.0;-0.0;-0.0;-0.0;-0.0;-0.0;-0.0;-0.0;-0.0;-0.0;-0.0;-0.0;-0.0;-0.0;-0.0;-0.0;-0.0;-0.0;-0.0;-0.0;-0.0;-0.0;-0.0;-0.0;-0.0;-0.0;-0.0;-0.0;-0.0;-0.0;-0.0;-0.0;-0.0;-0.0;-0.0;-0.0;-0.0;-0.0;-0.0;-0.0;-0.0;-0.0;-0.0;-0.0;-0.0
8140;Rentekostnad, ikke fradragsberettiget;0.0;0.0;0.0;0.0;0.0;0.0;0.0;0.0;0.0;0.0;0.0;0.0;0.0;0.0;0.0;0.0;0.0;0.0;0.0;0.0;0.0;0.0;0.0;0.0;0.0;0.0;0.0;0.0;0.0;0.0;0.0;0.0;0.0;0.0;0.0;0.0;0.0;0.0;0.0;0.0;0.0;0.0;0.0;0.0;0.0;0.0;0.0;0.0
8150;Annen rentekostnad;692.0;0.0;0.0;0.0;0.0;0.0;12.0;2420.0;0.0;81.3;10.0;4778.0;940.0;6.0;0.0;966.0;1894.0;0.0;0.0;0.0;0.0;0.0;0.0;0.0;0.0;0.0;306.0;91.0;0.0;0.0;0.0;16.28;4592.0;14533.76;3964.0;2196.0;0.0;0.0;627.1;0.0;0.0;0.0;0.0;0.0;21.64;0.0;0.0;27.0
8160;Valutatap (disagio);0.0;0.0;0.0;0.0;0.0;0.0;0.0;0.0;0.0;0.0;0.0;0.0;0.0;0.0;0.0;0.0;0.0;0.0;0.0;0.0;0.0;0.0;0.0;0.0;0.0;0.0;0.0;0.0;0.0;0.0;0.0;149.68;124.84;0.0;0.0;121.44;0.0;0.0;0.0;0.0;0.0;0.0;0.0;0.0;260.46;0.0;359.0;103.84
8300;Betalbar skatt;0.0;0.0;0.0;0.0;0.0;0.0;0.0;0.0;0.0;0.0;0.0;961642.0;0.0;0.0;0.0;0.0;0.0;0.0;0.0;0.0;0.0;0.0;0.0;965790.0;0.0;0.0;0.0;0.0;0.0;0.0;0.0;0.0;0.0;0.0;0.0;501222.0;0.0;0.0;0.0;0.0;0.0;0.0;0.0;0.0;0.0;0.0;0.0;0.0
8320;Endring utsatt skatt;0.0;0.0;0.0;0.0;0.0;0.0;0.0;0.0;0.0;0.0;0.0;0.0;0.0;0.0;0.0;0.0;0.0;0.0;0.0;0.0;0.0;0.0;0.0;0.0;0.0;0.0;0.0;0.0;0.0;0.0;0.0;0.0;0.0;0.0;0.0;-107064.0;0.0;0.0;0.0;0.0;0.0;0.0;0.0;0.0;0.0;0.0;0.0;0.0
8330;Utsatt skattefordel;0.0;0.0;0.0;0.0;0.0;0.0;0.0;0.0;0.0;0.0;0.0;-19402.0;0.0;0.0;0.0;0.0;0.0;0.0;0.0;0.0;0.0;0.0;0.0;-118454.0;0.0;0.0;0.0;0.0;0.0;0.0;0.0;0.0;0.0;0.0;0.0;0.0;0.0;0.0;0.0;0.0;0.0;0.0;0.0;0.0;0.0;0.0;0.0;0.0
8920;Avsatt utbytte;0.0;0.0;0.0;0.0;0.0;0.0;0.0;0.0;0.0;0.0;0.0;3502524.0;0.0;0.0;0.0;0.0;0.0;0.0;0.0;0.0;0.0;0.0;0.0;2920000.0;0.0;0.0;0.0;0.0;0.0;0.0;0.0;0.0;0.0;0.0;0.0;1370000.0;0.0;0.0;0.0;0.0;0.0;0.0;0.0;0.0;0.0;0.0;0.0;0.0
8960;Overføringer annen egenkapital;0.0;0.0;0.0;0.0;0.0;0.0;0.0;0.0;0.0;0.0;0.0;-199998.86;0.0;0.0;0.0;0.0;0.0;0.0;0.0;0.0;0.0;0.0;0.0;13370.38;0.0;0.0;0.0;0.0;0.0;0.0;0.0;0.0;0.0;0.0;0.0;3467.6;0.0;0.0;0.0;0.0;0.0;0.0;0.0;0.0;0.0;0.0;0.0;0.0
